Metric,Value
RMSE,878893.8124008884
MAE,842003.2460067823
MAPE,104.8073264569444
