Metric,Value
RMSE,1038606.4466359976
MAE,969986.7522149276
MAPE,102.4818327639421
