Metric,Value
RMSE,993695.5062466813
MAE,957556.7650672724
MAPE,101.295049477372
