Metric,Value
RMSE,105542.65171223933
MAE,77026.43409016925
MAPE,131.07293912337093
