Metric,Value
RMSE,118595.02113498036
MAE,98389.54291015623
MAPE,1239.9305827103317
