Metric,Value
RMSE,157993.22766589615
MAE,120479.37984451292
MAPE,96.36019530999276
